{"404.html": 1653246916.7230155, "assets": {"images": {"icons": {"android-chrome-192x192.png": 1608490410.9856012, "android-chrome-384x384.png": 1608490411.026325, "apple-touch-icon.png": 1608490411.0598416, "browserconfig.xml": 1608490411.0995748, "favicon-16x16.png": 1608490411.185002, "favicon-32x32.png": 1608490411.2187753, "favicon.ico": 1608490411.1422899, "html_code.html": 1608490411.2585077, "mstile-150x150.png": 1608490411.2929754, "safari-pinned-tab.svg": 1608490411.33029, "site.webmanifest": 1608490411.3739974}, "logo.png": 1608489487.1178691, "logo_cutout.png": 1608489895.2637317}, "js": {"domlib.min.js": 1666475235.5920312, "jsx.min.js": 1666475236.6608696, "shml-region.js": 1666474619.0513003, "shml.min.js": 1666475238.498751}, "ts": {"domlib.ts": 1666475232.6208591, "domlib.ts.grc": 1660092933.9694629, "jsx.ts": 1666475232.902958, "jsx.ts.grc": 1660092928.4388752, "shml.ts": 1666475233.1239643, "shml.ts.grc": 1666475210.6029215}}, "build": 1660091587.147774, "coins.html": 1666475239.416374, "coins.htmlx": 1666050587.9201255, "globals.py": 1660093051.7792225, "index.html": 1666474914.4690583, "sitemap.json": 1666475239.5442798, "tools": {"generator.py": 1660091632.1077988, "mless.exe": 1660092522.410102, "mtsc.exe": 1660092496.0256574, "pt.exe": 1660092462.4341993, "sitemap.py": 1660091644.0733118}, "__pycache__": {"globals.cpython-38.pyc": 1660094728.4421852}}