{"404.html": 1653246916.7230155, "asssets": {"images": {"icons": {"android-chrome-192x192.png": 1608490410.9856012, "android-chrome-384x384.png": 1608490411.026325, "apple-touch-icon.png": 1608490411.0598416, "browserconfig.xml": 1608490411.0995748, "favicon-16x16.png": 1608490411.185002, "favicon-32x32.png": 1608490411.2187753, "favicon.ico": 1608490411.1422899, "html_code.html": 1608490411.2585077, "mstile-150x150.png": 1608490411.2929754, "safari-pinned-tab.svg": 1608490411.33029, "site.webmanifest": 1608490411.3739974}, "logo.png": 1608489487.1178691, "logo_cutout.png": 1608489895.2637317}, "js": {"domlib.min.js": 1660092943.1942205, "jsx.min.js": 1660092946.1819732}, "ts": {"domlib.ts": 1660092938.8242946, "domlib.ts.grc": 1660092933.9694629, "jsx.ts": 1660092939.3218987, "jsx.ts.grc": 1660092928.4388752}}, "build": 1660091587.147774, "coins.html": 1660092946.7575343, "coins.htmlx": 1660091505.2384653, "globals.py": 1660092572.7274606, "index.html": 1653247296.950425, "sitemap.json": 1660092946.9206104, "tools": {"generator.py": 1660091632.1077988, "mless.exe": 1660092522.410102, "mtsc.exe": 1660092496.0256574, "pt.exe": 1660092462.4341993, "sitemap.py": 1660091644.0733118}, "__pycache__": {"globals.cpython-38.pyc": 1660092915.3416235}}